time_s,template_normalized_negative_peak_minus1
0.000000000000000000e+00,2.218235866733290207e-01
1.041666666666666632e-05,2.183296785480796365e-01
2.083333333333333264e-05,2.144912617448945791e-01
3.125000000000000065e-05,2.102836094043020743e-01
4.166666666666666528e-05,2.056811654324059990e-01
5.208333333333333668e-05,2.006576176793365140e-01
6.250000000000000130e-05,1.951859842870391215e-01
7.291666666666667270e-05,1.892387137561559185e-01
8.333333333333333055e-05,1.827877991948247682e-01
9.375000000000000195e-05,1.758049071113481632e-01
1.041666666666666734e-04,1.682615209978131632e-01
1.145833333333333312e-04,1.601290998230653628e-01
1.250000000000000026e-04,1.513792514112982379e-01
1.354166666666666605e-04,1.419839205275722216e-01
1.458333333333333454e-04,1.319155913246274070e-01
1.562500000000000033e-04,1.211475036275470735e-01
1.666666666666666611e-04,1.096538823454993039e-01
1.770833333333333461e-04,9.741017910454838336e-02
1.875000000000000039e-04,8.439332499427804057e-02
1.979166666666666618e-04,7.058199311576773827e-02
2.083333333333333467e-04,5.595686941173368817e-02
2.187500000000000046e-04,4.050093005384796524e-02
2.291666666666666624e-04,2.419972346023546717e-02
2.395833333333333203e-04,7.041654820743200455e-03
2.500000000000000052e-04,-1.098172917812635652e-02
2.604166666666666631e-04,-2.987545790961126241e-02
2.708333333333333209e-04,-4.964085928230949074e-02
2.812499999999999787e-04,-7.027528991062825803e-02
2.916666666666666908e-04,-9.177187587108506794e-02
3.020833333333333487e-04,-1.141192670255521541e-01
3.125000000000000065e-04,-1.373014079543995736e-01
3.229166666666666644e-04,-1.612973285734737861e-01
3.333333333333333222e-04,-1.860809575065641985e-01
3.437499999999999801e-04,-2.116209612473798907e-01
3.541666666666666921e-04,-2.378806120703771121e-01
3.645833333333333500e-04,-2.648176875367901917e-01
3.750000000000000078e-04,-2.923844042900982654e-01
3.854166666666666657e-04,-3.205273886436218467e-01
3.958333333333333235e-04,-3.491876862322441100e-01
4.062499999999999814e-04,-3.783008127311948687e-01
4.166666666666666934e-04,-4.077968473388405291e-01
4.270833333333333513e-04,-4.376005703794914048e-01
4.375000000000000091e-04,-4.676316460089657845e-01
4.479166666666666670e-04,-4.978048506032317078e-01
4.583333333333333248e-04,-5.280303469826294060e-01
4.687499999999999827e-04,-5.582140041752491344e-01
4.791666666666666405e-04,-5.882577619577569195e-01
4.895833333333332983e-04,-6.180600389355757063e-01
5.000000000000000104e-04,-6.475161824423829593e-01
5.104166666666666140e-04,-6.765189580572977812e-01
5.208333333333333261e-04,-7.049590760630253250e-01
5.312500000000000382e-04,-7.327257517058320957e-01
5.416666666666666418e-04,-7.597072956748799344e-01
5.520833333333333539e-04,-7.857917308003835588e-01
5.624999999999999575e-04,-8.108674305833881713e-01
5.729166666666666696e-04,-8.348237748205848963e-01
5.833333333333333816e-04,-8.575518172809662998e-01
5.937499999999999853e-04,-8.789449601324016426e-01
6.041666666666666973e-04,-8.988996296099119876e-01
6.145833333333333010e-04,-9.173159472674846660e-01
6.250000000000000130e-04,-9.340983910649813815e-01
6.354166666666666166e-04,-9.491564405134891302e-01
6.458333333333333287e-04,-9.624052001380960508e-01
6.562500000000000408e-04,-9.737659956173247977e-01
6.666666666666666444e-04,-9.831669371233034971e-01
6.770833333333333565e-04,-9.905434446152294736e-01
6.874999999999999601e-04,-9.958387301289334248e-01
6.979166666666666722e-04,-9.990042324546705155e-01
7.083333333333333842e-04,-1.000000000000000000e+00
7.187499999999999879e-04,-9.987950180904526798e-01
7.291666666666666999e-04,-9.953674774623491039e-01
7.395833333333333036e-04,-9.897049812439073779e-01
7.500000000000000156e-04,-9.818046882961140032e-01
7.604166666666666193e-04,-9.716733913868571548e-01
7.708333333333333313e-04,-9.593275292931405795e-01
7.812500000000000434e-04,-9.447931325591949481e-01
7.916666666666666470e-04,-9.281057032751386382e-01
8.020833333333333591e-04,-9.093100298736362941e-01
8.124999999999999627e-04,-8.884599385629583512e-01
8.229166666666666748e-04,-8.656179836162760655e-01
8.333333333333333868e-04,-8.408550793116208455e-01
8.437499999999999905e-04,-8.142500768577296544e-01
8.541666666666667025e-04,-7.858892901415379662e-01
8.645833333333333062e-04,-7.558659745875665470e-01
8.750000000000000182e-04,-7.242797638226550205e-01
8.854166666666666219e-04,-6.912360691870972351e-01
8.958333333333333339e-04,-6.568454474215600358e-01
9.062500000000000460e-04,-6.212229420855563955e-01
9.166666666666666496e-04,-5.844874044257756251e-01
9.270833333333333617e-04,-5.467607995103606067e-01
9.374999999999999653e-04,-5.081675034781711897e-01
9.479166666666666774e-04,-4.688335977210143501e-01
9.583333333333332810e-04,-4.288861657235132907e-01
9.687499999999999931e-04,-3.884525981320958721e-01
9.791666666666665967e-04,-3.476599114149278025e-01
9.895833333333334172e-04,-3.066340852122916294e-01
1.000000000000000021e-03,-2.654994231665915860e-01
1.010416666666666624e-03,-2.243779416678610972e-01
1.020833333333333228e-03,-1.833887905599581314e-01
1.031250000000000049e-03,-1.426477094303488791e-01
1.041666666666666652e-03,-1.022665226587125137e-01
1.052083333333333256e-03,-6.235267593271611591e-02
1.062500000000000076e-03,-2.300881645963804428e-02
1.072916666666666680e-03,1.566758138379944695e-02
1.083333333333333284e-03,5.358454370775723313e-02
1.093750000000000104e-03,9.065587729741181322e-02
1.104166666666666708e-03,1.268014020287848986e-01
1.114583333333333311e-03,1.619471356621182967e-01
1.124999999999999915e-03,1.960254315955064219e-01
1.135416666666666735e-03,2.289750705690378751e-01
1.145833333333333339e-03,2.607413076880566449e-01
1.156249999999999943e-03,2.912758764802169109e-01
1.166666666666666763e-03,3.205369520120560645e-01
1.177083333333333367e-03,3.484890753649386164e-01
1.187499999999999971e-03,3.751030420059157100e-01
1.197916666666666574e-03,4.003557567854808541e-01
1.208333333333333395e-03,4.242300584511749517e-01
1.218749999999999998e-03,4.467145166836778980e-01
1.229166666666666602e-03,4.678032047413095973e-01
1.239583333333333422e-03,4.874954508409138909e-01
1.250000000000000026e-03,5.057955714096739053e-01
1.260416666666666630e-03,5.227125893155161185e-01
1.270833333333333233e-03,5.382599401257761595e-01
1.281250000000000054e-03,5.524551693574246691e-01
1.291666666666666657e-03,5.653196235701634098e-01
1.302083333333333261e-03,5.768781380192059549e-01
1.312500000000000082e-03,5.871587234305758463e-01
1.322916666666666685e-03,5.961922542915450984e-01
1.333333333333333289e-03,6.040121608655107943e-01
1.343749999999999892e-03,6.106541269472828271e-01
1.354166666666666713e-03,6.161557951745165740e-01
1.364583333333333317e-03,6.205564815066993978e-01
1.374999999999999920e-03,6.238969002775009987e-01
1.385416666666666741e-03,6.262189010219286756e-01
1.395833333333333344e-03,6.275652180789592638e-01
1.406249999999999948e-03,6.279792337752478915e-01
1.416666666666666768e-03,6.275047558080101284e-01
1.427083333333333372e-03,6.261858092668655118e-01
1.437499999999999976e-03,6.240664435666535281e-01
1.447916666666666579e-03,6.211905544071212315e-01
1.458333333333333400e-03,6.176017207317878732e-01
1.468750000000000003e-03,6.133430565278152891e-01
1.479166666666666607e-03,6.084570771917695575e-01
1.489583333333333428e-03,6.029855800829126977e-01
1.500000000000000031e-03,5.969695387960763933e-01
1.510416666666666635e-03,5.904490106100673819e-01
1.520833333333333239e-03,5.834630565045449968e-01
1.531250000000000059e-03,5.760496730879054450e-01
1.541666666666666663e-03,5.682457357402745934e-01
1.552083333333333266e-03,5.600869522485233398e-01
1.562500000000000087e-03,5.516078261934891369e-01
1.572916666666666690e-03,5.428416293424138672e-01
1.583333333333333294e-03,5.338203823011397064e-01
1.593749999999999898e-03,5.245748426898541039e-01
1.604166666666666718e-03,5.151345001222573661e-01
1.614583333333333322e-03,5.055275772899612274e-01
1.624999999999999925e-03,4.957810364808613590e-01
1.635416666666666746e-03,4.859205908912130889e-01
1.645833333333333350e-03,4.759707201254096964e-01
1.656249999999999953e-03,4.659546893141537915e-01
1.666666666666666774e-03,4.558945713201625893e-01
1.677083333333333377e-03,4.458112715400102122e-01
1.687499999999999981e-03,4.357245548506252231e-01
1.697916666666666585e-03,4.256530742887537633e-01
1.708333333333333405e-03,4.156144010908904285e-01
1.718750000000000009e-03,4.056250557593563677e-01
1.729166666666666612e-03,3.957005398570093146e-01
1.739583333333333433e-03,3.858553682682203112e-01
1.750000000000000036e-03,3.761031016969957896e-01
1.760416666666666640e-03,3.664563792042990764e-01
1.770833333333333244e-03,3.569269506156087512e-01
1.781250000000000064e-03,3.475257086564295106e-01
1.791666666666666668e-03,3.382627206978603973e-01
1.802083333333333271e-03,3.291472600163605211e-01
1.812500000000000092e-03,3.201878364916279085e-01
1.822916666666666696e-03,3.113922266840334907e-01
1.833333333333333299e-03,3.027675032484370421e-01
1.843749999999999903e-03,2.943200636545648674e-01
1.854166666666666723e-03,2.860556581955401856e-01
1.864583333333333327e-03,2.779794172757916182e-01
1.874999999999999931e-03,2.700958779775246010e-01
1.885416666666666751e-03,2.624090099114102514e-01
1.895833333333333355e-03,2.549222403622228295e-01
1.906249999999999958e-03,2.476384787440233659e-01
1.916666666666666562e-03,2.405601403822751894e-01
1.927083333333333382e-03,2.336891696421056486e-01
1.937499999999999986e-03,2.270270624229626388e-01
1.947916666666666590e-03,2.205748880402434442e-01
1.958333333333333193e-03,2.143333105142523343e-01
1.968750000000000014e-03,2.083026092861364753e-01
1.979166666666666834e-03,2.024826993794018315e-01
1.989583333333333221e-03,1.968731510242724692e-01
2.000000000000000042e-03,1.914732087606345334e-01
2.010416666666666862e-03,1.862818100336638971e-01
2.020833333333333249e-03,1.812976032945224081e-01
2.031250000000000069e-03,1.765189656168018317e-01
2.041666666666666456e-03,1.719440198377223117e-01
2.052083333333333277e-03,1.675706512314871222e-01
2.062500000000000097e-03,1.633965237207151422e-01
2.072916666666666484e-03,1.594190956305026885e-01
2.083333333333333304e-03,1.556356349884563395e-01
2.093750000000000125e-03,1.520432343729861968e-01
2.104166666666666512e-03,1.486388253112540248e-01
2.114583333333333332e-03,1.454191922274562510e-01
2.125000000000000153e-03,1.423809859415713641e-01
2.135416666666666539e-03,1.395207367183108893e-01
2.145833333333333360e-03,1.368348668657880518e-01
2.156250000000000180e-03,1.343197028833398032e-01
2.166666666666666567e-03,1.319714871579939497e-01
2.177083333333333388e-03,1.297863892092656901e-01
2.187500000000000208e-03,1.277605164822678829e-01
2.197916666666666595e-03,1.258899246895230639e-01
2.208333333333333415e-03,1.241706277023608557e-01
2.218749999999999802e-03,1.225986069933493877e-01
2.229166666666666623e-03,1.211698206318407994e-01
2.239583333333333443e-03,1.198802118353885782e-01
2.249999999999999830e-03,1.187257170805081502e-01
2.260416666666666650e-03,1.177022737769908567e-01
2.270833333333333471e-03,1.168058275107356353e-01
2.281249999999999858e-03,1.160323388608129475e-01
2.291666666666666678e-03,1.153777897972280975e-01
2.302083333333333499e-03,1.148381896665804369e-01
2.312499999999999886e-03,1.144095807735257125e-01
2.322916666666666706e-03,1.140880435666290216e-01
2.333333333333333526e-03,1.138697014378381028e-01
2.343749999999999913e-03,1.137507251454103890e-01
2.354166666666666734e-03,1.137273368706842452e-01
2.364583333333333121e-03,1.137958139195940493e-01
2.374999999999999941e-03,1.139524920802852948e-01
2.385416666666666761e-03,1.141937686485910569e-01
